INFINITIVO,PASADO SIMPLE,PASADO PARTICIPIO,TRADUCCION
Arise,Arose,Arisen,Surgir
Awake,Awoke,Awoken,Despertarse
Beat,Beat,Beaten,Golpear
Become,Became,Become,Llegar a ser
Begin,Began,Begun,Empezar
Bend,Bent,Bent,Doblar
Bet,Bet,Bet,Apostar
Bind,Bound,Bound,Atar
Bid,Bid,Bid,Pujar
Bite,Bit,Bitten,Morder
Bleed,Bled,Bled,Sangrar
Blow,Blew,Blown,Soplar
Break,Broke,Broken,Romper
Breed,Bred,Bred,Criar
Bring,Brought,Brought,Traer
Broadcast,Broadcast,Broadcast,Radiar
Build,Built,Built,Edificar
Burst,Burst,Burst,Reventar
Buy,Bought,Bought,Comprar
Cast,Cast,Cast,Arrojar
Catch,Caught,Caught,Coger
Come,Came,Come,Venir
Cost,Cost,Cost,Costar
Cut,Cut,Cut,Cortar
Choose,Chose,Chosen,Elegir
Cling,Clung,Clung,Agarrarse
Dig,Dug,Dug,Cavar
Draw,Drew,Drawn,Dibujar
Drink,Drank,Drunk,Beber
Drive,Drove,Driven,Conducir
Eat,Ate,Eaten,Comer
Fall,Fell,Fallen,Caer
Feed,Fed,Fed,Alimentar
Feel,Felt,Felt,Sentir
Fight,Fought,Fought,Luchar
Find,Found,Found,Encontrar
Flee,Fled,Fled,Huir
Fly,Flew,Flown,Volar
Forbid,Forbade,Forbidden,Prohibir
Forget,Forgot,Forgotten,Olvidar
Forgive,Forgave,Forgiven,Perdonar
Freeze,Froze,Frozen,Helar
Give,Gave,Given,Dar
Go,Went,Gone,Ir
Grow,Grew,Grown,Crecer
Grind,Ground,Ground,Moler
Hang,Hung,Hung,Colgar
Have,Had,Had,Haber
Hear,Heard,Heard,Oir
Hide,Hid,Hidden,Ocultar
Hit,Hit,Hit,Golpear
Hold,Held,Held,Agarrar
Hurt,Hurt,Hurt,Herir
Keep,Kept,Kept,Conservar
Know,Knew,Known,Saber
Kneel,Knelt,Knelt,Arrodillarse
Knit,Knit,Knit,Hacer
Lay,Laid,Laid,Poner
Lead,Led,Led,Conducir
Lean,Leant,Leant,Apoyarse
Leap,Leapt,Leapt,Brincar
Leave,Left,Left,Dejar
Lend,Lent,Lent,Prestar
Let,Let,Let,Permitir
Lie,Lay,Lain,Echarse
Light,Lit,Lit,Encender
Lose,Lost,Lost,Perder
Make,Made,Made,Hacer
Mean,Meant,Meant,Significar
Meet,Met,Met,Encontrar
Mistake,Mistook,Mistaken,Equivocar
Overcome,Overcame,Overcome,Vencer
Pay,Paid,Paid,Pagar
Put,Put,Put,Poner
Read,Read,Read,Leer
Ride,Rode,Ridden,Montar
Ring,Rang,Rung,Llamar
Rise,Rose,Risen,Levantarse
Run,Ran,Run,Correr
Say,Said,Said,Decir
See,Saw,Seen,Ver
Seek,Sought,Sought,Buscar
Sell,Sold,Sold,Vender
Send,Sent,Sent,Enviar
Set,Set,Set,Poner(se)
Shake,Shook,Shaken,Sacudir
Shear,Shore,Shorn,Esquilar
Shine,Shone,Shone,Brillar
Shoot,Shot,Shot,Disparar
Show,Showed,Shown,Mostrar
Shrink,Shrank,Shrunk,Encogerse
Sink,Sank,Sunk,Hundir
Sit,Sat,Sat,Sentarse
Sleep,Slept,Slept,Dormir
Slide,Slid,Slid,Resbalar
Smell,Smelt,Smelt,Oler
Speak,Spoke,Spoken,Hablar
Speed,Sped,Sped,Acelerar
Spell,Spelt,Spelt,Deletrear
Spend,Spent,Spent,Gastar
Spin,Spun,Spun,Hilar
Spit,Spat,Spat,Escupir
Spread,Spread,Spread,Extender
Spring,Sprang,Sprung,Saltar
Steal,Stole,Stolen,Robar
Stick,Stuck,Stuck,Pegar
Sting,Stung,Stung,Picar
Stink,Stank/Stunk,Stunk,Apestar
Stride,Strode,Stridden,Dar zancadas
Strike,Struck,Struck,Golpear
Swear,Swore,Sworn,Jurar
Sweat,Sweat,Sweat,Sudar
Sweep,Swept,Swept,Barrer
Swell,Swelled,Swollen,Hinchar
Swim,Swam,Swum,Nadar
Swing,Swung,Swung,Columpiarse
Take,Took,Taken,Coger
Teach,Taught,Taught,Ense√±ar
Tear,Tore,Torn,Rasgar
Tell,Told,Told,Decir
Thrust,Thrust,Thrust,Introducir
Tread,Trod,Trodden,"Pisar, hollar"
Understand,Understood,Understood,Entender
Undergo,Underwent,Undergone,Sufrir
Undertake,Undertook,Undertaken,Emprender
Wake,Woke,Woken,Despertarse
Wear,Wore,Worn,Llevar puesto
Weave,Wove,Woven,Tejer
Weep,Wept,Wept,Llorar
Wet,Wet,Wet,Mojar
Win,Won,Won,Ganar
Wind,Wound,Wound,Enrollar
Withdraw,Withdrew,Withdrawn,Retirarse
Wring,Wrung,Wrung,Torcer
